raster_ID,NAD83_x,NAD83_y
GEO_001,-117.5634311,49.6108204
